{"C:\\Users\\dades\\Documents\\Projects\\Envs\\nsfw-check\\pic\\anirealityAnimeInReal_v2.preview.png": {"drawings": 0.9385650157928467, "hentai": 0.021230490878224373, "neutral": 0.017200306057929993, "porn": 0.012006696313619614, "sexy": 0.010997497476637363}}