{"C:\\Users\\dades\\Documents\\Projects\\Python\\ML\\stable-diffusion-webui\\models\\Stable-diffusion\\Mistoon_Anime\\mistoonAnime_v10.preview.png": {"drawings": 0.7926938533782959, "hentai": 0.13137578964233398, "neutral": 0.02504041977226734, "porn": 0.02627425082027912, "sexy": 0.024615706875920296}}